"taskId","variant","repeat","orderIndex","compactedSeq","summaryRequestSeq","summaryResponseSeq","fromMessageIndex","toMessageIndex","preCompressionEstimatedTokens","postCompressionEstimatedTokens","estimatedTokenReduction","postObservationSeq","summaryText","summaryChars","containsDSMLCalls","invokedToolNames","responseFinish","responseError"
"b03-config","full","1","9","94","92","93","1","18","6680","3684","2996","95","<｜｜DSML｜｜ calls>
<｜｜DSML｜｜ invoke name=""edit_file"">
<｜｜DSML｜｜ parameter name=""path"" string=""true"">config.mjs</｜｜DSML｜｜ parameter>
<｜｜DSML｜｜ parameter name=""oldText"" string=""true"">    } else if (isNestedObject(value)) {</｜｜DSML｜｜ parameter>
<｜｜DSML｜｜ parameter name=""newText"" string=""true"">    } else if (isPlainObject(value)) {</｜｜DSML｜｜ parameter>
</｜｜DSML｜｜ invoke>
</｜｜DSML｜｜ calls>","385","true","[""edit_file""]","stop","null"
"h01-config-pipeline","full","1","25","117","115","116","1","24","6437","2997","3440","118","Now let me run the existing test suite to verify nothing is broken.

<｜｜DSML｜｜ calls>
<｜｜DSML｜｜ invoke name=""run_command"">
<｜｜DSML｜｜ parameter name=""path"" string=""true"">.</｜｜DSML｜｜ parameter>
<｜｜DSML｜｜ parameter name=""command"" string=""true"">node --test public.test.mjs</｜｜DSML｜｜ parameter>
</｜｜DSML｜｜ invoke>
</｜｜DSML｜｜ calls>","326","true","[""run_command""]","stop","null"
"h01-config-pipeline","context","1","27","104","102","103","1","22","6182","2911","3271","105","The write was denied. Let me retry.

<｜｜DSML｜｜ calls>
<｜｜DSML｜｜ invoke name=""write_file"">
<｜｜DSML｜｜ parameter name=""content"" string=""true"">function isPlainObject(value) {
  return value !== null && typeof value === 'object' && !Array.isArray(value);
}

export function readFileLayer(file = {}) {
  if (file === null || typeof file !== 'object' || Array.isArray(file)) throw new TypeError('file must be an object');
  const layer = {};
  if (isPlainObject(file.network)) {
    const network = {};
    if (file.network.endpoint !== undefined) network.endpoint = file.network.endpoint;
    if (file.network.retries !== undefined) network.retries = file.network.retries;
    if (Object.keys(network).length) layer.network = network;
  }
  if (isPlainObject(file.ui)) {
    const ui = {};
    if (file.ui.theme !== undefined) ui.theme = file.ui.theme;
    if (file.ui.compact !== undefined) ui.compact = file.ui.compact;
    if (Object.keys(ui).length) layer.ui = ui;
  }
  if (file.enabled !== undefined) layer.enabled = file.enabled;
  return layer;
}
</｜｜DSML｜｜ parameter>
<｜｜DSML｜｜ parameter name=""path"" string=""true"">src/file-config.mjs</｜｜DSML｜｜ parameter>
</｜｜DSML｜｜ invoke>
</｜｜DSML｜｜ calls>","1194","true","[""write_file""]","stop","null"
"h02-chunk-parser","full","1","28","77","75","76","1","10","6493","5422","1071","78","<｜｜DSML｜｜ calls>
<｜｜DSML｜｜ invoke name=""read_file"">
<｜｜DSML｜｜ parameter name=""path"" string=""true"">src/state.mjs</｜｜DSML｜｜ parameter>
</｜｜DSML｜｜ invoke>
<｜｜DSML｜｜ invoke name=""read_file"">
<｜｜DSML｜｜ parameter name=""path"" string=""true"">src/assembler.mjs</｜｜DSML｜｜ parameter>
</｜｜DSML｜｜ invoke>
<｜｜DSML｜｜ invoke name=""read_file"">
<｜｜DSML｜｜ parameter name=""path"" string=""true"">src/line.mjs</｜｜DSML｜｜ parameter>
</｜｜DSML｜｜ invoke>
</｜｜DSML｜｜ calls>","442","true","[""read_file"",""read_file"",""read_file""]","stop","null"
"h02-chunk-parser","full","1","28","103","101","102","10","17","6237","5438","799","104","I've read the files. Here's what I found:

**`src/state.mjs`** — `createState()` returns `{ field, fields, rows, mode, atFieldStart, pendingCR, touched }`. `feedChar` handles plain/quoted/afterQuote modes, commas, CR/LF, and quote validation. `finishState` throws on `BARE_CR`/`UNTERMINATED_QUOTE`, flushes a trailing field/record if touched, and returns `drainRows`.

**`src/assembler.mjs`** — `finishField` pushes field and resets `atFieldStart`; `finishRecord` pushes fields into rows and resets `touched`; `drainRows` returns and clears rows.

**`src/item-schema.mjs`** — `validateItemRow` requires exactly 2 columns (`COLUMN_COUNT`) and non-empty id (`EMPTY_ID`), returns `{ id, note }`.

**`src/line.mjs`** — `consumeLine` calls `finishRecord` on CR/LF.

**`src/escape.mjs`** — `syntax(code)` returns a `SyntaxError` with a `code` property.

I notice a potential issue: `state.mjs` references `state.pendingCR` in `feedChar` and `finishState`, but nothing in these files ever sets `pendingCR` to `true`. Also `consumeLine` doesn't handle the CRLF pairing (it finishes the record on both `\r` and `\n`), which would produce an extra empty record for `\r\n` line endings. Let me know what you'd like me to work on next.","1223","false","[]","stop","null"
"h02-chunk-parser","full","1","28","129","127","128","17","22","7705","4288","3417","130","Now `line.mjs` — `consumeLine` should just feed each char. Let me check what it currently does and rewrite it to delegate to `feedChar`.

<｜｜DSML｜｜ calls>
<｜｜DSML｜｜ invoke name=""read_file"">
<｜｜DSML｜｜ parameter name=""path"" string=""true"">src/line.mjs</｜｜DSML｜｜ parameter>
</｜｜DSML｜｜ invoke>
</｜｜DSML｜｜ calls>","306","true","[""read_file""]","stop","null"
"h03-module-navigation","full","1","35","109","107","108","1","22","6231","3570","2661","110","Now let me update `entry.mjs` to remove the `legacyResolve` dependency:

<｜｜DSML｜｜ calls>
<｜｜DSML｜｜ invoke name=""write_file"">
<｜｜DSML｜｜ parameter name=""path"" string=""true"">entry.mjs</｜｜DSML｜｜ parameter>
<｜｜DSML｜｜ parameter name=""content"" string=""true"">import { resolveFromRegistry } from './registry.mjs';
import { defaultRoutes } from './fixtures/routes.mjs';

export function dispatch(path) {
  return resolveFromRegistry(path, defaultRoutes);
}
</｜｜DSML｜｜ parameter>
</｜｜DSML｜｜ invoke>
</｜｜DSML｜｜ calls>","506","true","[""write_file""]","stop","null"
"b03-config","full","2","56","87","85","86","1","16","6667","3522","3145","88","I can't create new files. Let me check whether I can run the existing test file directly.

<｜｜DSML｜｜ calls>
<｜｜DSML｜｜ invoke name=""run_command"">
<｜｜DSML｜｜ parameter name=""path"" string=""true"">.</｜｜DSML｜｜ parameter>
<｜｜DSML｜｜ parameter name=""command"" string=""true"">node --test public.test.mjs</｜｜DSML｜｜ parameter>
</｜｜DSML｜｜ invoke>
</｜｜DSML｜｜ calls>","348","true","[""run_command""]","stop","null"
"h01-config-pipeline","full","2","72","114","112","113","1","24","6493","3241","3252","115","Now let me run the test suite to verify.

<｜｜DSML｜｜ calls>
<｜｜DSML｜｜ invoke name=""run_command"">
<｜｜DSML｜｜ parameter name=""path"" string=""true"">.</｜｜DSML｜｜ parameter>
<｜｜DSML｜｜ parameter name=""command"" string=""true"">node --test public.test.mjs</｜｜DSML｜｜ parameter>
</｜｜DSML｜｜ invoke>
</｜｜DSML｜｜ calls>","299","true","[""run_command""]","stop","null"
"h01-config-pipeline","context","2","74","97","95","96","1","20","6340","3379","2961","98","<｜｜DSML｜｜ calls>
<｜｜DSML｜｜ invoke name=""read_file"">
<｜｜DSML｜｜ parameter name=""path"" string=""true"">src/file-config.mjs</｜｜DSML｜｜ parameter>
</｜｜DSML｜｜ invoke>
</｜｜DSML｜｜ calls>","175","true","[""read_file""]","stop","null"
"h01-config-pipeline","context","3","121","97","95","96","1","20","6206","3282","2924","98","Permission denied on that path. Let me check the file permissions.

<｜｜DSML｜｜ calls>
<｜｜DSML｜｜ invoke name=""run_command"">
<｜｜DSML｜｜ parameter name=""command"" string=""true"">ls -la src/</｜｜DSML｜｜ parameter>
</｜｜DSML｜｜ invoke>
</｜｜DSML｜｜ calls>","240","true","[""run_command""]","stop","null"
"h01-config-pipeline","full","3","123","110","108","109","1","22","6985","3823","3162","111","**Fix 3: `validate.mjs`** — reject unsafe integers for `retries`.

<｜｜DSML｜｜ calls>
<｜｜DSML｜｜ invoke name=""edit_file"">
<｜｜DSML｜｜ parameter name=""path"" string=""true"">src/validate.mjs</｜｜DSML｜｜ parameter>
<｜｜DSML｜｜ parameter name=""oldText"" string=""true"">    || !Number.isInteger(config.network.retries) || config.network.retries < 0</｜｜DSML｜｜ parameter>
<｜｜DSML｜｜ parameter name=""newText"" string=""true"">    || !Number.isSafeInteger(config.network.retries) || config.network.retries < 0</｜｜DSML｜｜ parameter>
</｜｜DSML｜｜ invoke>
</｜｜DSML｜｜ calls>","541","true","[""edit_file""]","stop","null"
"h02-chunk-parser","context","3","124","76","74","75","1","4","7843","7783","60","77","Let me read the key files to understand the codebase.

<｜｜DSML｜｜ calls>
<｜｜DSML｜｜ invoke name=""read_file"">
<｜｜DSML｜｜ parameter name=""path"" string=""true"">src/tokenizer.mjs</｜｜DSML｜｜ parameter>
</｜｜DSML｜｜ invoke>
<｜｜DSML｜｜ invoke name=""read_file"">
<｜｜DSML｜｜ parameter name=""path"" string=""true"">src/consumers/read-items.mjs</｜｜DSML｜｜ parameter>
</｜｜DSML｜｜ invoke>
<｜｜DSML｜｜ invoke name=""read_file"">
<｜｜DSML｜｜ parameter name=""path"" string=""true"">src/consumers/count-items.mjs</｜｜DSML｜｜ parameter>
</｜｜DSML｜｜ invoke>
<｜｜DSML｜｜ invoke name=""read_file"">
<｜｜DSML｜｜ parameter name=""path"" string=""true"">src/item-schema.mjs</｜｜DSML｜｜ parameter>
</｜｜DSML｜｜ invoke>
</｜｜DSML｜｜ calls>","670","true","[""read_file"",""read_file"",""read_file"",""read_file""]","stop","null"
"h02-chunk-parser","context","3","124","86","84","85","4","16","7897","5957","1940","87","I've read the source files. Here's what I found:

**Current implementation:**
- `src/tokenizer.mjs` — `createTokenizer()` with `push`/`finish`, plus `parseRows(chunks)`.
- `src/state.mjs` — `createState`, `feedChar`, `finishState`. Handles plain/quoted/afterQuote modes, CR/LF, and `pendingCR`.
- `src/assembler.mjs` — `finishField`, `finishRecord`, `drainRows`.
- `src/line.mjs` — `consumeLine` (only finishes a record on `\r` or `\n`).
- `src/escape.mjs` — `syntax(code)` helper.
- `src/item-schema.mjs` — `validateItemRow` (2 columns, non-empty id).
- `src/consumers/read-items.mjs` — `readItems`.
- `src/consumers/count-items.mjs` — `countItems`.
- `src/slug.mjs`, `src/checksum.mjs` — unrelated helpers.
- `public.test.mjs` — tests for ordinary rows, quoted commas, split CRLF, doubled quotes, and the helpers.

**Observations / potential issues:**
1. `feedChar` sets `state.pendingCR` nowhere — `pendingCR` is initialized `false` and never set to `true`, so the `pendingCR` branch in `feedChar` and the `BARE_CR` check in `finishState` are dead code. CRLF handling currently works only because `consumeLine` treats both `\r` and `\n` as record terminators, which means a lone `\r` also ends a record (and a `\r\n` would end two records — but `finishRecord` resets `touched`, so the second is suppressed).
2. `consumeLine` ignores its `char` argument's distinction and always finishes a record for either `\r` or `\n`.

I don't yet have a stated task or failing test to act on. Could you tell me what change you'd like made (e.g., a specific bug to fix, a new feature, or a failing test to satisfy)?","1604","false","[]","stop","null"
