"taskId","variant","repeat","orderIndex","requestSeq","responseSeq","dispatched","responseError","finish","acceptedText","actualModel","fingerprint"
"b01-normalize","optimizer","1","2","3","4","true","null","stop","Fix `normalizeText` in `normalize.mjs` without changing its named export or the public tests. It takes a string and returns a new string with leading and trailing JavaScript whitespace removed, each nonempty internal run of JavaScript whitespace replaced by a single ASCII space, and all letters lowercased via `String.prototype.toLowerCase()`. Empty or whitespace-only input returns `''`, including spaces, tabs, and line breaks. Non-string input throws a `TypeError`.","deepseek-flash","aeb56401ca74e127821c4f9126dcb669"
"b01-normalize","full","1","3","3","4","true","null","stop","Fix `normalizeText` in `normalize.mjs` without changing its named export or the public tests. It takes a string and returns a new string with leading and trailing JavaScript whitespace removed, each nonempty internal run of JavaScript whitespace replaced by a single ASCII space, and all letters lowercased via `String.prototype.toLowerCase()`. Empty or whitespace-only input returns `''`, including spaces, tabs, and line breaks. Non-string input throws a `TypeError`.","deepseek-flash","aeb56401ca74e127821c4f9126dcb669"
"b02-counter","optimizer","1","5","3","4","true","null","stop","Fix `createCounter` in `counter.mjs` while keeping its named export. Each call must create an independent counter. `createCounter(initial = 0)` starts at the supplied finite number. The returned object must have `value()`, `increment(step = 1)`, and `decrement(step = 1)` methods. `value()` returns the current number; increment and decrement update that instance by the finite numeric step and return the new value. Positive and negative finite steps are allowed. A non-number or non-finite `initial` or `step` must throw `TypeError` without changing any counter. Do not change the public tests.","deepseek-flash","aeb56401ca74e127821c4f9126dcb669"
"b02-counter","full","1","6","3","4","true","null","stop","Fix `createCounter` in `counter.mjs` while keeping its named export. Each call must create an independent counter. `createCounter(initial = 0)` starts at the supplied finite number. The returned object must have `value()`, `increment(step = 1)`, and `decrement(step = 1)` methods. `value()` returns the current number; increment and decrement update that instance by the finite numeric step and return the new value. Positive and negative finite steps are allowed. A non-number or non-finite `initial` or `step` must throw `TypeError` without changing any counter. Do not change the public tests.","deepseek-flash","aeb56401ca74e127821c4f9126dcb669"
"b03-config","optimizer","1","8","3","4","true","null","stop","Fix `mergeConfig(defaults, overrides = {})` in `config.mjs` without changing its named export or the public tests. Require both arguments to be non-null, non-array plain objects, otherwise throw `TypeError`. Use own enumerable string keys only, ignoring inherited keys, and treat keys like `__proto__` and `constructor` as ordinary data keys, including from `JSON.parse`. Each value must be either a primitive (`string`, `number`, `boolean`, or `null`) or a one-level nested plain object whose values are primitives. Merge top-level keys with overrides winning. When both sides of a key are nested objects, merge their own immediate fields, preserving default fields absent from the override. Otherwise replace with the override value, including `false`, `0`, and `null`. Return a fresh top-level object and fresh nested objects, never mutating or retaining nested object references from either argument. Calls must be independent, including repeated calls with the same defaults.","deepseek-flash","aeb56401ca74e127821c4f9126dcb669"
"b03-config","full","1","9","3","4","true","null","stop","Fix `mergeConfig(defaults, overrides = {})` in `config.mjs` without changing its named export or the public tests. Require both arguments to be non-null, non-array plain objects, otherwise throw `TypeError`. Consider only own enumerable string keys, ignoring inherited keys, and treat keys like `__proto__` and `constructor` as ordinary data keys, including from `JSON.parse`. Each value must be a primitive (`string`, `number`, `boolean`, or `null`) or a one-level nested plain object of primitives. Merge top-level keys with overrides winning; when both values are nested objects, merge their own immediate fields while preserving default fields absent from the override; otherwise replace with the override, including `false`, `0`, and `null`. Return a fresh top-level object and fresh nested objects, never mutating or retaining nested references from either argument, and keep calls independent, including repeated calls with the same defaults.","deepseek-flash","aeb56401ca74e127821c4f9126dcb669"
"f01-tags","full","1","12","3","4","true","null","stop","Implement `parseTags(input)` in `tags.mjs`, preserving the named export and public tests. Require `input` to be a string, otherwise throw `TypeError`. Split only on literal commas. For each part, trim surrounding JavaScript whitespace, collapse each nonempty internal whitespace run to one ASCII space, and lowercase using `String.prototype.toLowerCase()`. Discard empty normalized parts. Return an array of unique normalized tags in first-occurrence order; comparisons are case-sensitive after normalization, so differently cased spellings of one tag count as duplicates. An empty or delimiter-only string returns `[]`. Do not change the public tests.","deepseek-flash","aeb56401ca74e127821c4f9126dcb669"
"f01-tags","optimizer","1","15","3","4","true","null","stop","Implement `parseTags(input)` in `tags.mjs`, preserving the named export and public tests. Require `input` to be a string, otherwise throw `TypeError`. Split only on literal commas. For each part, trim surrounding JavaScript whitespace, collapse each nonempty internal whitespace run to one ASCII space, and lowercase using `String.prototype.toLowerCase()`. Discard empty normalized parts. Return an array of unique normalized tags in first-occurrence order; comparisons are case-sensitive after normalization, so differently cased spellings of one tag count as duplicates. An empty or delimiter-only string returns `[]`. Do not change the public tests.","deepseek-flash","aeb56401ca74e127821c4f9126dcb669"
"f02-pagination","optimizer","1","18","3","4","true","null","stop","Implement `paginate(items, page, pageSize)` in `pagination.mjs` as a named export.

`items` must be an array; `page` and `pageSize` must be positive safe integers. Throw `TypeError` for a non-array and `RangeError` for an invalid numeric argument. Pages are 1-based. Return `{ items, totalPages, nextPage }`, where `items` is a new array of the selected elements in original order, `totalPages` is `Math.ceil(items.length / pageSize)`, and `nextPage` is the next 1-based page number only if it exists, otherwise `null`. For empty input, return zero pages, empty page data, and `nextPage: null`. For a page beyond the last, return empty page data and `nextPage: null` while preserving the actual total page count. Do not mutate the input array or its elements.","deepseek-flash","aeb56401ca74e127821c4f9126dcb669"
"f02-pagination","full","1","19","3","4","true","null","stop","Implement `paginate(items, page, pageSize)` in `pagination.mjs`.

`items` must be an array. `page` and `pageSize` must be positive safe integers. Reject a non-array with `TypeError` and either invalid numeric argument with `RangeError`. Pages are 1-based. Return `{ items, totalPages, nextPage }`, where `items` is a new array of the selected elements in original order; `totalPages` is `Math.ceil(items.length / pageSize)`; `nextPage` is the next 1-based page number only if that page exists, otherwise `null`. Empty input has zero pages and returns empty page data with `nextPage: null`. A page beyond the last returns empty page data with `nextPage: null` while preserving the actual total page count. Do not mutate the input array or its elements. Keep the named export.","deepseek-flash","aeb56401ca74e127821c4f9126dcb669"
"f03-ranges","optimizer","1","21","3","4","true","null","stop","Implement `mergeRanges(ranges)` in `ranges.mjs` for closed integer intervals.

Accept only an array of `[start, end]` pairs where both bounds are safe integers and `start <= end`; otherwise throw `TypeError`. Input may be unsorted. Sort by start, then end, and merge intervals that overlap or touch as adjacent integers (e.g. `[2,4]` and `[5,7]` become `[2,7]`). Contained intervals must not shorten the current interval. Return intervals sorted by start as fresh pair arrays inside a fresh result array. Empty input returns `[]`. Do not mutate the input array or any pair. Keep the named export.","deepseek-flash","aeb56401ca74e127821c4f9126dcb669"
"f03-ranges","full","1","22","3","4","true","null","stop","Implement `mergeRanges(ranges)` in `ranges.mjs` for closed integer intervals.

Accept only an array of `[start, end]` pairs where both bounds are safe integers and `start <= end`; otherwise throw `TypeError`. Input may be unsorted. Sort by start, then end, and merge intervals that overlap or touch as adjacent integers (e.g. `[2,4]` and `[5,7]` become `[2,7]`). Contained intervals must not shorten the current interval. Return intervals sorted by start as fresh pair arrays inside a fresh result array. Empty input returns `[]`. Do not mutate the input array or any pair. Keep the named export.","deepseek-flash","aeb56401ca74e127821c4f9126dcb669"
"h01-config-pipeline","optimizer","1","24","3","4","true","null","stop","Repair `resolveConfig` in `src/index.mjs` so configuration resolution correctly merges defaults, file, and env layers without losing sibling fields or falsy overrides, and without leaking state or nested references between calls. Preserve the exported API, result shape, precedence, validation, error behavior, and `formatLegacy`/`formatConfig` compatibility described below; do not change unrelated utilities or public tests.

`resolveConfig({ file = {}, env = {} } = {})` returns `{ network: { endpoint: string, retries: number }, ui: { theme: string, compact: boolean }, enabled: boolean }`. Defaults: endpoint `localhost`, retries `3`, theme `light`, compact `false`, enabled `true`. Precedence: defaults < file < env. File may provide any subset of only the listed top-level or nested fields; `network` and `ui` merge immediate fields so overriding one field keeps siblings. Env recognizes `APP_ENDPOINT`, `APP_RETRIES`, `APP_THEME`, `APP_COMPACT`, and `APP_ENABLED`; present values override corresponding file fields. Env values are strings: retries is one or more decimal digits, including leading zeros such as `""00""`, with numeric value at most `Number.MAX_SAFE_INTEGER`; compact and enabled are exactly `""true""` or `""false""`. Invalid recognized env values throw `TypeError`; missing keys have no effect; other env keys are ignored. `file` and `env` may be ordinary non-null non-array objects; invalid layer objects throw `TypeError`.

Final fields must satisfy: endpoint and theme nonempty strings, retries a nonnegative safe integer no greater than `Number.MAX_SAFE_INTEGER`, compact and enabled booleans. Do not mutate or retain nested references to the file layer, env layer, or exported defaults. Results and inputs from one call must not affect another call. Keep `formatLegacy(config)` exactly `endpoint=<endpoint>;retries=<retries>;enabled=<on|off>`; `formatConfig(config)` must keep that exact prefix and append `;theme=<theme>;compact=<yes|no>`. `false` and `0` must survive every layer, and the legacy output must still accept the resolved object.","deepseek-flash","aeb56401ca74e127821c4f9126dcb669"
"h01-config-pipeline","full","1","25","3","4","true","null","stop","Repair `resolveConfig` in `src/index.mjs` so configuration resolution correctly applies defaults, file, and env layers with the documented precedence and merge behavior, without changing the exported API or public tests. Preserve partial nested overrides, honor valid falsy env values such as `APP_RETRIES=0` and `APP_ENABLED=false`, reject invalid recognized env values and invalid layer objects with `TypeError`, avoid mutating or retaining references to inputs or exported defaults, and ensure calls remain isolated. Keep `formatLegacy` and `formatConfig` output compatible as specified.","deepseek-flash","aeb56401ca74e127821c4f9126dcb669"
"h02-chunk-parser","full","1","28","3","4","true","null","stop","Fix the shared delimited-record parser in `src/index.mjs` so chunk boundaries do not affect parsed records or errors, while preserving `parseRows`, `readItems`, and `countItems` and leaving public tests unchanged.","deepseek-flash","aeb56401ca74e127821c4f9126dcb669"
"h02-chunk-parser","optimizer","1","31","3","4","true","null","stop","Fix the shared delimited-record parser in `src/index.mjs` so chunk boundaries do not affect parsed records or errors. Preserve `parseRows`, `readItems`, and `countItems`, and leave public tests unchanged. The parser must handle the specified small delimited format, including quoted fields, `""""` escapes, LF/CRLF record endings, invalid bare CR, empty fields/lines, final records without line endings, empty input, and empty chunks. `parseRows(chunks)` must require an array of strings and throw `TypeError` otherwise; syntax failures must throw `SyntaxError` with `.code` values `INVALID_QUOTE`, `UNTERMINATED_QUOTE`, or `BARE_CR`. `readItems` and `countItems` must consume the same parser result, enforce exactly two fields `id,note` with nonempty `id`, return `{ id, note }` objects or their count respectively, and throw `SyntaxError` with `.code` `COLUMN_COUNT` or `EMPTY_ID` as appropriate while propagating parser syntax errors unchanged. Empty input returns `[]` and `0`. Do not change unrelated slug or checksum helpers.","deepseek-flash","aeb56401ca74e127821c4f9126dcb669"
"h03-module-navigation","optimizer","1","34","3","4","true","null","stop","Implement `dispatch(path)` in `entry.mjs` as the application entry point: given an absolute URL pathname string with no query string, return `{ route, params }`, throwing `TypeError` for invalid paths that are not strings, are empty, or do not begin with `/`. Preserve the pathname text exactly, with case-sensitive matching and trailing slashes treated as distinct. Return a string route ID and a new plain object for `params`. Use the default routes in `fixtures/routes.mjs` as the production route table for `dispatch`, and implement `resolveFromRegistry(path, records)` as the lower-level exported resolver using the same matching policy for supplied records.

For supplied `records`, assume an array of valid records; invalid record shapes are out of scope. Route IDs and static paths are strings. Dynamic parameter names are unique within each pattern, nonempty, and match `[A-Za-z][A-Za-z0-9]*`; matching paths remain plain pathname strings. Records are `{ kind: 'static', path, route }`, `{ kind: 'dynamic', pattern, route }`, or `{ kind: 'fallback', route }`. Static paths match exactly. A dynamic pattern starts with `/` and uses `:name` for a whole, nonempty path segment; it may contain literal segments. On a match, return parameters with the original segment values. Among matching records, any static route wins over any dynamic route regardless of declaration order; otherwise the first matching dynamic route wins; fallback is considered only if neither matched. Within static matches, use the first declared static record; if multiple fallbacks exist, use the first declared fallback. With no match and no fallback, return `null`. Keep all records and returned values independent of later calls and do not mutate records. The fixture deliberately lists a dynamic `/users/:id` before the static `/users/new` and includes a fallback to expose ordering.

Keep `legacyResolve(path)` in `legacy.mjs` and its old `/old/help` behavior unchanged as a separate compatibility API, not the production entry point. The HTTP/CLI adapters and path/query/header utilities have separate responsibilities and must continue to behave as their exported APIs specify; they are included because they are real users or support modules, not as instructions to edit them. Edit only the writable files.","deepseek-flash","aeb56401ca74e127821c4f9126dcb669"
"h03-module-navigation","full","1","35","3","4","true","null","stop","Implement `dispatch(path)` in `entry.mjs` as the application entry point: given an absolute URL pathname string with no query string, return `{ route, params }`, throwing `TypeError` for invalid paths (non-string, empty, or not starting with `/`). Preserve pathname text exactly, with case-sensitive matching and trailing slashes distinct. `route` is a string and `params` is a new plain object. Use the default routes in `fixtures/routes.mjs` as the production route table.

Also implement the lower-level exported `resolveFromRegistry(path, records)` with the same matching policy for supplied records. Supplied `records` are guaranteed to be an array of valid records; invalid record shapes are out of scope. Records are `{ kind: 'static', path, route }`, `{ kind: 'dynamic', pattern, route }`, or `{ kind: 'fallback', route }`. Static paths match exactly. Dynamic patterns start with `/` and use `:name` for a whole, nonempty path segment, may contain literal segments, have unique nonempty parameter names matching `[A-Za-z][A-Za-z0-9]*`, and return original segment values as params on a match. Among matches, any static route wins over any dynamic route regardless of declaration order; otherwise the first matching dynamic route wins; fallback is considered only if neither matched. Among static matches, use the first declared static record; among fallbacks, use the first declared fallback. Return `null` when there is no match and no fallback. Do not mutate records, and keep all records and returned values independent of later calls.

Keep `legacyResolve(path)` in `legacy.mjs` and its old `/old/help` behavior unchanged as a separate compatibility API. Do not change the HTTP/CLI adapters or path/query/header utilities; they must continue to behave as their exported APIs specify. Edit only the writable files.","deepseek-flash","aeb56401ca74e127821c4f9126dcb669"
"h04-issue-refactor","optimizer","1","37","3","4","true","null","stop","Repair the shared issue normalization and the affected issue views so the list page, search results, activity export, and JSON export agree on ordering and on how tags and assignees are displayed, without changing public entry names or the behavior of unrelated helpers.","deepseek-flash","aeb56401ca74e127821c4f9126dcb669"
"h04-issue-refactor","full","1","38","3","4","true","null","stop","Repair the shared issue normalization and the affected issue views so the list page, search results, activity export, and JSON export agree on normalized order, tags, and assignees, without changing public entry names or unrelated helper behavior.","deepseek-flash","aeb56401ca74e127821c4f9126dcb669"
"m01-report","optimizer","1","40","3","4","true","null","stop","Repair the CSV order parser and report pipeline, keeping `parseOrders(text)` exported from `parser.mjs` and `buildReport(text)` exported from `report.mjs`.

Input is UTF-8 text with zero or more data rows and no header. Each nonblank row has exactly three comma-separated fields: `SKU,quantity,unitPriceCents`. Accept LF and CRLF line endings and ignore blank or whitespace-only rows. Trim whitespace around each field. SKU must match `^[A-Z][A-Z0-9-]*$`; quantity must be a positive safe integer written in base-10 digits; unitPriceCents must be a nonnegative safe integer written in base-10 digits. Reject non-string text with `TypeError` and any malformed row with `Error`. Reject a row or aggregate whose quantity or cents total exceeds `Number.MAX_SAFE_INTEGER` with `RangeError`. `parseOrders` returns a new array of `{ sku, quantity, unitPriceCents }` in input order, including repeated SKUs as distinct rows.

`buildReport` must call the parser and return `{ items, totalUnits, totalCents }`. `items` is a new array sorted lexicographically by SKU; each item is `{ sku, quantity, totalCents }` summing all rows with that SKU. `totalUnits` sums quantities across all rows and `totalCents` sums quantity times unitPriceCents. Empty input returns `{ items: [], totalUnits: 0, totalCents: 0 }`. Do not retain state across calls or modify input. Only edit the two listed source files.","deepseek-flash","aeb56401ca74e127821c4f9126dcb669"
"m01-report","full","1","41","3","4","true","null","stop","Repair the CSV order parser and report pipeline, keeping `parseOrders(text)` exported from `parser.mjs` and `buildReport(text)` exported from `report.mjs`.

Input is UTF-8 text with zero or more data rows and no header. Each nonblank row has exactly three comma-separated fields: `SKU,quantity,unitPriceCents`. Accept LF and CRLF line endings and ignore blank or whitespace-only rows. Trim whitespace around each field. SKU must match `^[A-Z][A-Z0-9-]*$`; quantity must be a positive safe integer written in base-10 digits; unitPriceCents must be a nonnegative safe integer written in base-10 digits. Reject non-string text with `TypeError` and any malformed row with `Error`. Reject a row or aggregate whose quantity or cents total exceeds `Number.MAX_SAFE_INTEGER` with `RangeError`. `parseOrders` returns a new array of `{ sku, quantity, unitPriceCents }` in input order, including repeated SKUs as distinct rows.

`buildReport` must call the parser and return `{ items, totalUnits, totalCents }`. `items` is a new array sorted lexicographically by SKU; each item is `{ sku, quantity, totalCents }` summing all rows with that SKU. `totalUnits` sums quantities across all rows and `totalCents` sums quantity times unitPriceCents. Empty input returns `{ items: [], totalUnits: 0, totalCents: 0 }`. Do not retain state across calls or modify input. Only edit the two listed source files.","deepseek-flash","aeb56401ca74e127821c4f9126dcb669"
"m02-options","full","1","44","3","4","true","null","stop","Extend the formatting options across all three modules while preserving the existing exports `DEFAULT_OPTIONS`, `resolveOptions(overrides)`, and `formatValue(value, overrides)`.

Keep the existing behavior: by default `formatValue(12.345)` returns `""12.35""`, and `{ precision: 1, prefix: '~' }` returns `""~12.3""`. Add `unitLabel`, a string option defaulting to the empty string. When nonempty, append one space and the label after the formatted number, so `formatValue(12.3, { unitLabel: 'kg' })` returns `""12.30 kg""`, and with prefix and precision it returns `""~12.3 kg""`. `DEFAULT_OPTIONS` must expose all three defaults `{ precision: 2, prefix: '', unitLabel: '' }` and must never be mutated. `resolveOptions()` and `resolveOptions(overrides)` return a fresh object with defaults overridden by the supplied own fields. Reject a non-object, null, or array override with `TypeError`; `undefined` means no overrides. Reject unknown keys with `TypeError`. Precision must be an integer from 0 through 4 (`RangeError` otherwise); prefix and unitLabel must be strings (`TypeError` otherwise). `formatValue` accepts only finite numbers (`TypeError` otherwise), delegates option resolution to `resolveOptions`, and preserves the old call forms without requiring the new field. Calls and returned objects must not share mutable state.","deepseek-flash","aeb56401ca74e127821c4f9126dcb669"
"m02-options","optimizer","1","47","3","4","true","null","stop","Extend the formatting options across all three modules while preserving the existing exports `DEFAULT_OPTIONS`, `resolveOptions(overrides)`, and `formatValue(value, overrides)`.

Keep the existing behavior: by default `formatValue(12.345)` returns `""12.35""`, and `{ precision: 1, prefix: '~' }` returns `""~12.3""`. Add a `unitLabel` string option defaulting to the empty string. When nonempty, append one space and the label after the formatted number, so `formatValue(12.3, { unitLabel: 'kg' })` returns `""12.30 kg""`, and with prefix and precision it returns `""~12.3 kg""`. `DEFAULT_OPTIONS` must expose all three defaults `{ precision: 2, prefix: '', unitLabel: '' }` and must never be mutated. `resolveOptions()` and `resolveOptions(overrides)` must return a fresh object with defaults overridden by the supplied own fields. Reject a non-object, null, or array override with `TypeError`; `undefined` means no overrides. Reject unknown keys with `TypeError`. Precision must be an integer from 0 through 4 (`RangeError` otherwise); prefix and unitLabel must be strings (`TypeError` otherwise). `formatValue` accepts only finite numbers (`TypeError` otherwise), delegates option resolution to `resolveOptions`, and preserves the old call forms without requiring the new field. Calls and returned objects must not share mutable state.","deepseek-flash","aeb56401ca74e127821c4f9126dcb669"
"b01-normalize","optimizer","2","49","3","4","true","null","stop","Fix `normalizeText` in `normalize.mjs` without changing its named export or the public tests. It takes a string and returns a new string with leading and trailing JavaScript whitespace removed, each nonempty internal run of JavaScript whitespace replaced by a single ASCII space, and all letters lowercased via `String.prototype.toLowerCase()`. Empty or whitespace-only input returns `''`, including spaces, tabs, and line breaks. Non-string input throws a `TypeError`.","deepseek-flash","aeb56401ca74e127821c4f9126dcb669"
"b01-normalize","full","2","50","3","4","true","null","stop","Fix `normalizeText` in `normalize.mjs` without changing its named export or the public tests. It takes a string and returns a new string with leading and trailing JavaScript whitespace removed, each nonempty internal run of JavaScript whitespace replaced by a single ASCII space, and all letters lowercased via `String.prototype.toLowerCase()`. Empty or whitespace-only input returns `''`, including spaces, tabs, and line breaks. Non-string input throws a `TypeError`.","deepseek-flash","aeb56401ca74e127821c4f9126dcb669"
"b02-counter","optimizer","2","52","3","4","true","null","stop","Fix `createCounter` in `counter.mjs` while keeping its named export. Each call must create an independent counter. `createCounter(initial = 0)` starts at the supplied finite number. The returned object must have `value()`, `increment(step = 1)`, and `decrement(step = 1)` methods. `value()` returns the current number; increment and decrement update that instance by the finite numeric step and return the new value. Positive and negative finite steps are allowed. A non-number or non-finite `initial` or `step` must throw `TypeError` without changing any counter. Do not change the public tests.","deepseek-flash","aeb56401ca74e127821c4f9126dcb669"
"b02-counter","full","2","53","3","4","true","null","stop","Fix `createCounter` in `counter.mjs` while keeping its named export. Each call must create an independent counter. `createCounter(initial = 0)` starts at the supplied finite number. The returned object must have `value()`, `increment(step = 1)`, and `decrement(step = 1)` methods. `value()` returns the current number; increment and decrement update that instance by the finite numeric step and return the new value. Positive and negative finite steps are allowed. A non-number or non-finite `initial` or `step` must throw `TypeError` without changing any counter. Do not change the public tests.","deepseek-flash","aeb56401ca74e127821c4f9126dcb669"
"b03-config","full","2","56","3","4","true","null","stop","Fix `mergeConfig(defaults, overrides = {})` in `config.mjs` without changing its named export or the public tests. Require both arguments to be non-null, non-array plain objects, otherwise throw `TypeError`. Consider only own enumerable string keys, ignoring inherited keys, and treat keys like `__proto__` and `constructor` as ordinary data keys, including from `JSON.parse`. Each value must be either a primitive (`string`, `number`, `boolean`, or `null`) or a one-level nested plain object whose values are primitives. Merge top-level keys with overrides winning. When both sides of a key are nested objects, merge their own immediate fields, preserving default fields absent from the override. Otherwise replace with the override value, including `false`, `0`, and `null`. Return a fresh top-level object and fresh nested objects, never mutating or retaining nested object references from either argument. Calls must be independent, including repeated calls with the same defaults.","deepseek-flash","aeb56401ca74e127821c4f9126dcb669"
"b03-config","optimizer","2","59","3","4","true","null","stop","Fix `mergeConfig(defaults, overrides = {})` in `config.mjs` without changing its named export or the public tests. Both arguments must be non-null, non-array plain objects, or throw `TypeError`. Use own enumerable string keys only, ignoring inherited keys. Treat keys like `__proto__` and `constructor` as ordinary data keys, including from `JSON.parse`. Values are primitives (`string`, `number`, `boolean`, `null`) or one-level nested plain objects of primitives. Merge top-level keys with overrides winning. When both values for a key are nested objects, merge their own immediate fields, preserving default fields absent from the override. Otherwise replace with the override, including `false`, `0`, and `null`. Return a fresh top-level object and fresh nested objects; never mutate or retain nested object references from either argument. Calls must be independent, including repeated calls with the same defaults.","deepseek-flash","aeb56401ca74e127821c4f9126dcb669"
"f01-tags","optimizer","2","62","3","4","true","null","stop","Implement `parseTags(input)` in `tags.mjs`, preserving the named export and public tests. Require `input` to be a string, otherwise throw `TypeError`. Split only on literal commas. For each part, trim surrounding JavaScript whitespace, collapse each nonempty internal whitespace run to a single ASCII space, and lowercase using `String.prototype.toLowerCase()`. Discard empty normalized parts. Return an array of unique normalized tags in first-occurrence order, with comparisons case-sensitive after normalization so differently cased spellings of the same tag are duplicates. An empty or delimiter-only string returns `[]`. Do not modify the public tests.","deepseek-flash","aeb56401ca74e127821c4f9126dcb669"
"f01-tags","full","2","63","3","4","true","null","stop","Implement `parseTags(input)` in `tags.mjs`, preserving the named export and public tests. Require `input` to be a string, otherwise throw `TypeError`. Split only on literal commas. For each part, trim surrounding JavaScript whitespace, collapse each nonempty internal whitespace run to a single ASCII space, and lowercase using `String.prototype.toLowerCase()`. Discard empty normalized parts. Return an array of unique normalized tags in first-occurrence order, with comparisons case-sensitive after normalization so differently cased spellings of the same tag are duplicates. An empty or delimiter-only string returns `[]`. Do not modify the public tests.","deepseek-flash","aeb56401ca74e127821c4f9126dcb669"
"f02-pagination","optimizer","2","65","3","4","true","null","stop","Implement `paginate(items, page, pageSize)` in `pagination.mjs` as a named export.

`items` must be an array; `page` and `pageSize` must be positive safe integers. Throw `TypeError` for a non-array and `RangeError` for an invalid numeric argument. Pages are 1-based. Return `{ items, totalPages, nextPage }`, where `items` is a new array of the selected elements in original order, `totalPages` is `Math.ceil(items.length / pageSize)`, and `nextPage` is the next 1-based page number only if it exists, otherwise `null`. For empty input, return zero pages, empty page data, and `nextPage: null`. For a page beyond the last, return empty page data and `nextPage: null` while preserving the actual total page count. Do not mutate the input array or its elements.","deepseek-flash","aeb56401ca74e127821c4f9126dcb669"
"f02-pagination","full","2","66","3","4","true","null","stop","Implement `paginate(items, page, pageSize)` in `pagination.mjs` as a named export.

`items` must be an array; `page` and `pageSize` must be positive safe integers. Throw `TypeError` for a non-array and `RangeError` for an invalid numeric argument. Pages are 1-based. Return `{ items, totalPages, nextPage }`, where `items` is a new array of the selected elements in original order, `totalPages` is `Math.ceil(items.length / pageSize)`, and `nextPage` is the next 1-based page number only if it exists, otherwise `null`. For empty input, return zero pages, empty page data, and `nextPage: null`. For a page beyond the last, return empty page data and `nextPage: null` while preserving the actual total page count. Do not mutate the input array or its elements.","deepseek-flash","aeb56401ca74e127821c4f9126dcb669"
"f03-ranges","optimizer","2","68","3","4","true","null","stop","Implement `mergeRanges(ranges)` in `ranges.mjs` for closed integer intervals.

Accept only an array of `[start, end]` pairs where both bounds are safe integers and `start <= end`; otherwise throw `TypeError`. Input may be unsorted. Sort by start, then end, and merge intervals that overlap or touch as adjacent integers (e.g. `[2,4]` and `[5,7]` become `[2,7]`). Contained intervals must not shorten the current interval. Return intervals sorted by start as fresh pair arrays inside a fresh result array. Empty input returns `[]`. Do not mutate the input array or any pair. Keep the named export.","deepseek-flash","aeb56401ca74e127821c4f9126dcb669"
"f03-ranges","full","2","69","3","4","true","null","stop","Implement `mergeRanges(ranges)` in `ranges.mjs` for closed integer intervals.

Accept only an array of `[start, end]` pairs where both bounds are safe integers and `start <= end`; otherwise throw `TypeError`. Input may be unsorted. Sort by start, then end, and merge intervals that overlap or touch as adjacent integers (e.g. `[2,4]` and `[5,7]` become `[2,7]`). Contained intervals must not shorten the current interval. Return intervals sorted by start as fresh pair arrays inside a fresh result array. Empty input returns `[]`. Do not mutate the input array or any pair. Keep the named export.","deepseek-flash","aeb56401ca74e127821c4f9126dcb669"
"h01-config-pipeline","full","2","72","3","4","true","null","stop","Repair `resolveConfig` in `src/index.mjs` so configuration resolution correctly merges defaults, file, and env layers without losing sibling fields or falsy overrides, and without leaking state or nested references between calls. Preserve the exported API, the documented precedence and validation behavior, and the exact `formatLegacy` and `formatConfig` outputs.","deepseek-flash","aeb56401ca74e127821c4f9126dcb669"
"h01-config-pipeline","optimizer","2","75","3","4","true","null","stop","Repair `resolveConfig` in `src/index.mjs` so configuration resolution correctly merges defaults, file, and env layers without losing sibling fields or falsy overrides, and without leaking state between calls. Preserve the exported API, public tests, and `formatLegacy`/`formatConfig` output behavior.","deepseek-flash","aeb56401ca74e127821c4f9126dcb669"
"h02-chunk-parser","optimizer","2","78","3","4","true","null","stop","Fix the shared delimited-record parser in `src/index.mjs` so chunk boundaries do not affect parsed records or errors, while preserving `parseRows`, `readItems`, and `countItems` and leaving public tests unchanged.","deepseek-flash","aeb56401ca74e127821c4f9126dcb669"
"h02-chunk-parser","full","2","79","3","4","true","null","stop","Fix the shared delimited-record parser in `src/index.mjs` so chunk boundaries do not affect parsed records or errors, while preserving `parseRows`, `readItems`, and `countItems` and leaving public tests unchanged.","deepseek-flash","aeb56401ca74e127821c4f9126dcb669"
"h03-module-navigation","optimizer","2","81","3","4","true","null","stop","Implement `dispatch(path)` in `entry.mjs` as the application entry point: given an absolute URL pathname string with no query string, return `{ route, params }`, throwing `TypeError` for invalid paths (non-string, empty, or not starting with `/`). Preserve pathname text exactly, with case-sensitive matching and trailing slash treated as distinct. `route` is a string and `params` is a new plain object. Use the default routes in `fixtures/routes.mjs` as the production route table.

Also implement the lower-level exported resolver `resolveFromRegistry(path, records)` using the same matching policy for supplied records. Records are guaranteed to be an array of valid records; invalid record shapes are out of scope. Route IDs and static paths are strings. Dynamic parameter names are unique within each pattern, nonempty, and match `[A-Za-z][A-Za-z0-9]*`; matching paths remain plain pathname strings. Records are one of: `{ kind: 'static', path, route }`, `{ kind: 'dynamic', pattern, route }`, or `{ kind: 'fallback', route }`. Static paths match exactly. A dynamic pattern starts with `/` and uses `:name` for a whole, nonempty path segment; it may contain literal segments. On a match, return parameters with the original segment values. Among matching records, any static route wins over any dynamic route regardless of declaration order; otherwise the first matching dynamic route wins; fallback is considered only if neither matched. Within static matches, use the first declared static record; if multiple fallbacks exist, use the first declared fallback. With no match and no fallback, return `null`. All records and returned values must remain independent of later calls; do not mutate records. The fixture deliberately lists a dynamic `/users/:id` before the static `/users/new` and includes a fallback to expose ordering.

Keep `legacyResolve(path)` in `legacy.mjs` and its old `/old/help` behavior unchanged; it is a separate compatibility API, not the production entry point. The HTTP/CLI adapters and path/query/header utilities have separate responsibilities and must continue to behave as their exported APIs specify; they are included because they are real users or support modules, not as instructions to edit them. Edit only the writable files.","deepseek-flash","aeb56401ca74e127821c4f9126dcb669"
"h03-module-navigation","full","2","82","3","4","true","null","stop","Implement `dispatch(path)` in `entry.mjs` as the application entry point: given an absolute URL pathname string with no query string, return `{ route, params }`, throwing `TypeError` for invalid paths (non-string, empty, or not starting with `/`). Preserve pathname text exactly, with case-sensitive matching and trailing slashes distinct. Route IDs are strings and `params` is a new plain object. Use the default routes in `fixtures/routes.mjs` as the production route table.

Implement `resolveFromRegistry(path, records)` as the lower-level exported resolver using the same matching policy for supplied records. Supplied `records` are guaranteed to be an array of valid records; invalid record shapes are out of scope. Records are `{ kind: 'static', path, route }`, `{ kind: 'dynamic', pattern, route }`, or `{ kind: 'fallback', route }`. Static paths match exactly. Dynamic patterns start with `/`, use `:name` for whole nonempty path segments, and may contain literal segments; on a match, return parameters with original segment values. Among matches, any static route wins over any dynamic route regardless of declaration order; otherwise the first matching dynamic route wins; fallback is considered only if neither matched. Among static matches, use the first declared static record; among fallbacks, use the first declared fallback. With no match and no fallback, return `null`. Do not mutate records, and keep records and returned values independent of later calls.

Keep `legacyResolve(path)` in `legacy.mjs` and its old `/old/help` behavior unchanged as a separate compatibility API. Do not edit HTTP/CLI adapters or path/query/header utilities; they must continue to behave as their exported APIs specify. Edit only the writable files.","deepseek-flash","aeb56401ca74e127821c4f9126dcb669"
"h04-issue-refactor","optimizer","2","84","3","4","true","null","stop","Repair the shared issue normalization and the affected issue views so the list page, search results, activity export, and JSON export agree on order and on how tags and assignees are displayed, without changing public entry names or unrelated helper behavior.","deepseek-flash","aeb56401ca74e127821c4f9126dcb669"
"h04-issue-refactor","full","2","85","3","4","true","null","stop","Repair the shared issue normalization and the affected issue consumers so the list page, search results, activity export, and JSON export agree on normalized order, tags, and assignees, without changing public entry names or unrelated helper behavior.","deepseek-flash","aeb56401ca74e127821c4f9126dcb669"
"m01-report","full","2","88","3","4","true","null","stop","Repair the CSV order parser and report pipeline, keeping `parseOrders(text)` exported from `parser.mjs` and `buildReport(text)` exported from `report.mjs`.

Input is UTF-8 text with zero or more data rows and no header. Each nonblank row has exactly three comma-separated fields: `SKU,quantity,unitPriceCents`. Accept LF and CRLF line endings and ignore blank or whitespace-only rows. Trim whitespace around each field. SKU must match `^[A-Z][A-Z0-9-]*$`; quantity must be a positive safe integer written in base-10 digits; unitPriceCents must be a nonnegative safe integer written in base-10 digits. Reject non-string text with `TypeError` and any malformed row with `Error`. Reject a row or aggregate whose quantity or cents total exceeds `Number.MAX_SAFE_INTEGER` with `RangeError`. `parseOrders` returns a new array of `{ sku, quantity, unitPriceCents }` in input order, including repeated SKUs as distinct rows.

`buildReport` must call the parser and return `{ items, totalUnits, totalCents }`. `items` is a new array sorted lexicographically by SKU; each item is `{ sku, quantity, totalCents }` summing all rows with that SKU. `totalUnits` sums quantities across all rows and `totalCents` sums quantity times unitPriceCents. Empty input returns `{ items: [], totalUnits: 0, totalCents: 0 }`. Do not retain state across calls or modify input. Only edit the two listed source files.","deepseek-flash","aeb56401ca74e127821c4f9126dcb669"
"m01-report","optimizer","2","91","3","4","true","null","stop","Repair the CSV order parser and report pipeline, keeping `parseOrders(text)` exported from `parser.mjs` and `buildReport(text)` exported from `report.mjs`.

Input is UTF-8 text with zero or more data rows and no header. Each nonblank row has exactly three comma-separated fields: `SKU,quantity,unitPriceCents`. Accept LF and CRLF line endings and ignore blank or whitespace-only rows. Trim whitespace around each field. SKU must match `^[A-Z][A-Z0-9-]*$`; quantity must be a positive safe integer written in base-10 digits; unitPriceCents must be a nonnegative safe integer written in base-10 digits. Reject non-string text with `TypeError` and any malformed row with `Error`. Reject a row or aggregate whose quantity or cents total exceeds `Number.MAX_SAFE_INTEGER` with `RangeError`. `parseOrders` returns a new array of `{ sku, quantity, unitPriceCents }` in input order, including repeated SKUs as distinct rows.

`buildReport` must call the parser and return `{ items, totalUnits, totalCents }`. `items` is a new array sorted lexicographically by SKU; each item is `{ sku, quantity, totalCents }` summing all rows with that SKU. `totalUnits` sums quantities across all rows and `totalCents` sums quantity times unitPriceCents. Empty input returns `{ items: [], totalUnits: 0, totalCents: 0 }`. Do not retain state across calls or modify input. Only edit the two listed source files.","deepseek-flash","aeb56401ca74e127821c4f9126dcb669"
"m02-options","optimizer","2","94","3","4","true","null","stop","Extend the formatting options across all three modules while preserving the existing exports `DEFAULT_OPTIONS`, `resolveOptions(overrides)`, and `formatValue(value, overrides)`.

Keep the existing behavior: by default `formatValue(12.345)` returns `""12.35""`, and `{ precision: 1, prefix: '~' }` returns `""~12.3""`. Add a `unitLabel` string option defaulting to the empty string. When nonempty, append one space and the label after the formatted number, so `formatValue(12.3, { unitLabel: 'kg' })` returns `""12.30 kg""`, and with prefix and precision it returns `""~12.3 kg""`. `DEFAULT_OPTIONS` must expose all three defaults `{ precision: 2, prefix: '', unitLabel: '' }` and must never be mutated. `resolveOptions()` and `resolveOptions(overrides)` must return a fresh object with defaults overridden by the supplied own fields. Reject a non-object, null, or array override with `TypeError`; `undefined` means no overrides. Reject unknown keys with `TypeError`. Precision must be an integer from 0 through 4 (`RangeError` otherwise); prefix and unitLabel must be strings (`TypeError` otherwise). `formatValue` accepts only finite numbers (`TypeError` otherwise), delegates option resolution to `resolveOptions`, and preserves the old call forms without requiring the new field. Calls and returned objects must not share mutable state.","deepseek-flash","aeb56401ca74e127821c4f9126dcb669"
"m02-options","full","2","95","3","4","true","null","stop","Extend the formatting options across all three modules while preserving the existing exports `DEFAULT_OPTIONS`, `resolveOptions(overrides)`, and `formatValue(value, overrides)`.

Keep the existing behavior: by default `formatValue(12.345)` returns `""12.35""`, and `{ precision: 1, prefix: '~' }` returns `""~12.3""`. Add a `unitLabel` string option defaulting to the empty string. When nonempty, append one space and the label after the formatted number, so `formatValue(12.3, { unitLabel: 'kg' })` returns `""12.30 kg""`, and with prefix and precision it returns `""~12.3 kg""`. `DEFAULT_OPTIONS` must expose all three defaults `{ precision: 2, prefix: '', unitLabel: '' }` and must never be mutated. `resolveOptions()` and `resolveOptions(overrides)` must return a fresh object with defaults overridden by the supplied own fields. Reject a non-object, null, or array override with `TypeError`; `undefined` means no overrides. Reject unknown keys with `TypeError`. Precision must be an integer from 0 through 4 (`RangeError` otherwise); prefix and unitLabel must be strings (`TypeError` otherwise). `formatValue` accepts only finite numbers (`TypeError` otherwise), delegates option resolution to `resolveOptions`, and preserves the old call forms without requiring the new field. Calls and returned objects must not share mutable state.","deepseek-flash","aeb56401ca74e127821c4f9126dcb669"
"b01-normalize","optimizer","3","96","3","4","true","null","stop","Fix `normalizeText` in `normalize.mjs` without changing its named export or the public tests. It takes a string and returns a new string with leading and trailing JavaScript whitespace removed, each nonempty internal run of JavaScript whitespace replaced by a single ASCII space, and all letters lowercased via `String.prototype.toLowerCase()`. Empty or whitespace-only input returns `''`, including spaces, tabs, and line breaks. Non-string input throws a `TypeError`.","deepseek-flash","aeb56401ca74e127821c4f9126dcb669"
"b01-normalize","full","3","97","3","4","true","null","stop","Fix `normalizeText` in `normalize.mjs` without changing its named export or the public tests. It takes a string and returns a new string with leading and trailing JavaScript whitespace removed, each nonempty internal run of JavaScript whitespace replaced by a single ASCII space, and all letters lowercased via `String.prototype.toLowerCase()`. Empty or whitespace-only input returns `''`, including spaces, tabs, and line breaks. For non-string input, throw a `TypeError`.","deepseek-flash","aeb56401ca74e127821c4f9126dcb669"
"b02-counter","full","3","100","3","4","true","null","stop","Fix `createCounter` in `counter.mjs` while keeping its named export. Each call must create an independent counter. `createCounter(initial = 0)` starts at the supplied finite number. The returned object must have `value()`, `increment(step = 1)`, and `decrement(step = 1)` methods. `value()` returns the current number; increment and decrement update that instance by the finite numeric step and return the new value. Positive and negative finite steps are allowed. A non-number or non-finite `initial` or `step` must throw `TypeError` without changing any counter. Do not change the public tests.","deepseek-flash","aeb56401ca74e127821c4f9126dcb669"
"b02-counter","optimizer","3","103","3","4","true","null","stop","Fix `createCounter` in `counter.mjs` while keeping its named export. Each call must create an independent counter. `createCounter(initial = 0)` starts at the supplied finite number. The returned object must have `value()`, `increment(step = 1)`, and `decrement(step = 1)` methods. `value()` returns the current number; increment and decrement update that instance by the finite numeric step and return the new value. Positive and negative finite steps are allowed. A non-number or non-finite `initial` or `step` must throw `TypeError` without changing any counter. Do not change the public tests.","deepseek-flash","aeb56401ca74e127821c4f9126dcb669"
"b03-config","optimizer","3","106","3","4","true","null","stop","Fix `mergeConfig(defaults, overrides = {})` in `config.mjs` without changing its named export or the public tests. Both arguments must be non-null, non-array plain objects, or throw `TypeError`. Use own enumerable string keys only, ignoring inherited keys. Treat keys like `__proto__` and `constructor` as ordinary data keys, including from `JSON.parse`. Values are primitives (`string`, `number`, `boolean`, `null`) or one-level nested plain objects of primitives. Merge top-level keys with overrides winning. When both values for a key are nested objects, merge their own immediate fields, preserving default fields absent from the override. Otherwise replace with the override, including `false`, `0`, and `null`. Return a fresh top-level object and fresh nested objects; never mutate or retain nested object references from either argument. Calls must be independent, including repeated calls with the same defaults.","deepseek-flash","aeb56401ca74e127821c4f9126dcb669"
"b03-config","full","3","107","3","4","true","null","stop","Fix `mergeConfig(defaults, overrides = {})` in `config.mjs` without changing its named export or the public tests. Both arguments must be non-null, non-array plain objects, or throw `TypeError`. Use own enumerable string keys only, ignoring inherited keys. Treat keys like `__proto__` and `constructor` as ordinary data keys, including from `JSON.parse`. Values are primitives (`string`, `number`, `boolean`, `null`) or one-level nested plain objects of primitives. Merge top-level keys with overrides winning. When both values for a key are nested objects, merge their own immediate fields, preserving default fields absent from the override. Otherwise replace with the override, including `false`, `0`, and `null`. Return a fresh top-level object and fresh nested objects; never mutate or retain nested object references from either argument. Calls must be independent, including repeated calls with the same defaults.","deepseek-flash","aeb56401ca74e127821c4f9126dcb669"
"f01-tags","optimizer","3","109","3","4","true","null","stop","Implement `parseTags(input)` in `tags.mjs`, preserving the named export and public tests. `input` must be a string or throw `TypeError`. Split only on literal commas. For each part, trim surrounding JavaScript whitespace, collapse each nonempty internal whitespace run to one ASCII space, and lowercase using `String.prototype.toLowerCase()`. Discard empty normalized parts. Return an array of unique normalized tags in first-occurrence order; comparisons are case-sensitive after normalization, so differently cased spellings of one tag count as duplicates. An empty or delimiter-only string returns `[]`. Do not change the public tests.","deepseek-flash","aeb56401ca74e127821c4f9126dcb669"
"f01-tags","full","3","110","3","4","true","null","stop","Implement `parseTags(input)` in `tags.mjs`, preserving the named export and public tests. Require `input` to be a string, otherwise throw `TypeError`. Split only on literal commas. For each part, trim surrounding JavaScript whitespace, collapse each nonempty internal whitespace run to a single ASCII space, and lowercase using `String.prototype.toLowerCase()`. Discard empty normalized parts. Return an array of unique normalized tags in first-occurrence order, with comparisons case-sensitive after normalization so differently cased spellings of the same tag are duplicates. An empty or delimiter-only string returns `[]`. Do not modify the public tests.","deepseek-flash","aeb56401ca74e127821c4f9126dcb669"
"f02-pagination","optimizer","3","112","3","4","true","null","stop","Implement `paginate(items, page, pageSize)` in `pagination.mjs` as a named export.

`items` must be an array; `page` and `pageSize` must be positive safe integers. Throw `TypeError` for a non-array and `RangeError` for an invalid numeric argument. Pages are 1-based. Return `{ items, totalPages, nextPage }`, where `items` is a new array of the selected elements in original order, `totalPages` is `Math.ceil(items.length / pageSize)`, and `nextPage` is the next 1-based page number only if it exists, otherwise `null`. For empty input, return empty page data with `totalPages` 0 and `nextPage: null`. For a page beyond the last, return empty page data and `nextPage: null` while preserving the actual total page count. Do not mutate the input array or its elements.","deepseek-flash","aeb56401ca74e127821c4f9126dcb669"
"f02-pagination","full","3","113","3","4","true","null","stop","Implement `paginate(items, page, pageSize)` in `pagination.mjs` as a named export.

`items` must be an array; `page` and `pageSize` must be positive safe integers. Throw `TypeError` for a non-array and `RangeError` for an invalid numeric argument. Pages are 1-based. Return `{ items, totalPages, nextPage }`, where `items` is a new array of the selected elements in original order, `totalPages` is `Math.ceil(items.length / pageSize)`, and `nextPage` is the next 1-based page number only if it exists, otherwise `null`. For empty input, return empty page data with `totalPages` 0 and `nextPage: null`. For a page beyond the last, return empty page data and `nextPage: null` while preserving the actual total page count. Do not mutate the input array or its elements.","deepseek-flash","aeb56401ca74e127821c4f9126dcb669"
"f03-ranges","full","3","116","3","4","true","null","stop","Implement `mergeRanges(ranges)` in `ranges.mjs` for closed integer intervals.

Accept only an array of `[start, end]` pairs where both bounds are safe integers and `start <= end`; otherwise throw `TypeError`. Input may be unsorted. Sort by start, then end, and merge intervals that overlap or touch as adjacent integers (e.g. `[2,4]` and `[5,7]` become `[2,7]`). Contained intervals must not shorten the current interval. Return intervals sorted by start as fresh pair arrays inside a fresh result array. Empty input returns `[]`. Do not mutate the input array or any pair. Keep the named export.","deepseek-flash","aeb56401ca74e127821c4f9126dcb669"
"f03-ranges","optimizer","3","119","3","4","true","null","stop","Implement `mergeRanges(ranges)` in `ranges.mjs` for closed integer intervals.

Input must be an array of `[start, end]` pairs, where both bounds are safe integers and `start <= end`; reject malformed input with `TypeError`. The input may be unsorted. Sort by start, then end, and merge intervals when they overlap or touch as adjacent integers (for example, `[2,4]` and `[5,7]` become `[2,7]`). Contained intervals must not shorten the current interval. Return intervals sorted by start as fresh pair arrays inside a fresh result array. Empty input returns `[]`. Never mutate the input array or any pair. Keep the named export.","deepseek-flash","aeb56401ca74e127821c4f9126dcb669"
"h01-config-pipeline","optimizer","3","122","3","4","true","null","stop","Repair `resolveConfig` in `src/index.mjs` so configuration resolution correctly merges defaults, file, and env layers without losing sibling fields or falsy overrides, and without leaking state or nested references between calls. Preserve the exported API, the documented precedence and validation behavior, and the exact `formatLegacy` and `formatConfig` outputs.","deepseek-flash","aeb56401ca74e127821c4f9126dcb669"
"h01-config-pipeline","full","3","123","3","4","true","null","stop","Repair `resolveConfig` in `src/index.mjs` so configuration resolution correctly merges defaults, file, and env layers without losing sibling fields or falsy overrides, and without leaking state between calls. Preserve the exported API, the documented precedence and validation behavior, and the existing `formatLegacy` and `formatConfig` output formats.","deepseek-flash","aeb56401ca74e127821c4f9126dcb669"
"h02-chunk-parser","optimizer","3","125","3","4","true","null","stop","Fix the shared delimited-record parser in `src/index.mjs` so chunk boundaries do not affect parsed records or errors. Preserve `parseRows`, `readItems`, and `countItems`, and leave public tests unchanged.","deepseek-flash","aeb56401ca74e127821c4f9126dcb669"
"h02-chunk-parser","full","3","126","3","4","true","null","stop","Fix the shared delimited-record parser in `src/index.mjs` so chunk boundaries do not affect parsed records or errors, while preserving `parseRows`, `readItems`, and `countItems` and leaving public tests unchanged.","deepseek-flash","aeb56401ca74e127821c4f9126dcb669"
"h03-module-navigation","optimizer","3","128","3","4","true","null","stop","Implement `dispatch(path)` in `entry.mjs` as the application entry point: given an absolute URL pathname string with no query string, return `{ route, params }`, throwing `TypeError` for invalid paths that are not strings, are empty, or do not begin with `/`. Preserve the pathname exactly, with case-sensitive matching and trailing slashes treated as distinct. Return a string route ID and a new plain object for `params`. Use the default routes in `fixtures/routes.mjs` as the production route table for `dispatch`, and implement `resolveFromRegistry(path, records)` as the lower-level exported resolver using the same matching policy for supplied records.

Supplied `records` are guaranteed to be an array of valid records; invalid record shapes are outside this task. Route IDs and static paths are strings. Dynamic parameter names are unique within each pattern, nonempty, and match `[A-Za-z][A-Za-z0-9]*`; matching paths remain plain pathname strings. Records have one of three shapes: `{ kind: 'static', path, route }`, `{ kind: 'dynamic', pattern, route }`, or `{ kind: 'fallback', route }`. Static paths are exact. A dynamic pattern starts with `/` and uses `:name` for a whole, nonempty path segment; it may contain literal segments. On a match, return parameters with the original segment values. Among matching records, any static route wins over any dynamic route regardless of declaration order; otherwise the first matching dynamic route wins; fallback is considered only if neither matched. Within static matches, use the first declared static record; if multiple fallbacks exist, use the first declared fallback. With no match and no fallback, return `null`. All records and returned values must be left independent of later calls; do not mutate records. The fixture deliberately lists a dynamic `/users/:id` before the static `/users/new` and includes a fallback to expose ordering.

Keep `legacyResolve(path)` in `legacy.mjs` and its old `/old/help` behavior unchanged. It is a separate compatibility API, not the production entry point. The HTTP/CLI adapters and path/query/header utilities have separate responsibilities and must continue to behave as their exported APIs specify; they are included because they are real users or support modules, not as instructions to edit them. Edit only the writable files.","deepseek-flash","aeb56401ca74e127821c4f9126dcb669"
"h03-module-navigation","full","3","129","3","4","true","null","stop","Implement `dispatch(path)` in `entry.mjs` as the application entry point: given an absolute URL pathname string with no query string, return `{ route, params }`, throwing `TypeError` for invalid paths (non-string, empty, or not starting with `/`). Preserve the pathname exactly, with case-sensitive matching and trailing slashes treated as distinct. Return a string route ID and a new plain `params` object.

Use the default routes in `fixtures/routes.mjs` as the production route table for `dispatch`. Also implement the lower-level exported `resolveFromRegistry(path, records)` with the same matching policy for supplied records.

Supplied `records` are guaranteed to be an array of valid records; invalid record shapes are out of scope. Route IDs and static paths are strings. Dynamic parameter names are unique within each pattern, nonempty, and match `[A-Za-z][A-Za-z0-9]*`; matching paths remain plain pathname strings. Records are one of: `{ kind: 'static', path, route }`, `{ kind: 'dynamic', pattern, route }`, or `{ kind: 'fallback', route }`. Static paths match exactly. A dynamic pattern starts with `/` and uses `:name` for a whole, nonempty path segment; it may contain literal segments. On a match, return parameters with the original segment values. Among matching records, any static route wins over any dynamic route regardless of declaration order; otherwise the first matching dynamic route wins; fallback is considered only if neither matched. Within static matches, use the first declared static record; if multiple fallbacks exist, use the first declared fallback. With no match and no fallback, return `null`. All records and returned values must remain independent of later calls; do not mutate records. The fixture deliberately lists a dynamic `/users/:id` before the static `/users/new` and includes a fallback to expose ordering.

Keep `legacyResolve(path)` in `legacy.mjs` and its old `/old/help` behavior unchanged. It is a separate compatibility API, not the production entry point. The HTTP/CLI adapters and path/query/header utilities have separate responsibilities and must continue to behave as their exported APIs specify; they are included because they are real users or support modules, not as instructions to edit them. Edit only the writable files.","deepseek-flash","aeb56401ca74e127821c4f9126dcb669"
"h04-issue-refactor","full","3","132","3","4","true","null","stop","Repair the shared issue normalization and the affected issue views so the list page, search results, activity export, and JSON export agree on normalized order, tags, and assignees, without changing public entry names or unrelated helper behavior.","deepseek-flash","aeb56401ca74e127821c4f9126dcb669"
"h04-issue-refactor","optimizer","3","135","3","4","true","null","stop","Repair the shared issue normalization and the affected issue views so the list page, search results, activity export, and JSON export agree on order and on how tags and assignees are displayed, without changing public entry names or unrelated helper behavior.","deepseek-flash","aeb56401ca74e127821c4f9126dcb669"
"m01-report","optimizer","3","138","3","4","true","null","stop","Repair the CSV order parser and report pipeline, keeping `parseOrders(text)` exported from `parser.mjs` and `buildReport(text)` exported from `report.mjs`.

Input is UTF-8 text with zero or more data rows and no header. Each nonblank row has exactly three comma-separated fields: `SKU,quantity,unitPriceCents`. Accept LF and CRLF line endings and ignore blank or whitespace-only rows. Trim whitespace around each field. SKU must match `^[A-Z][A-Z0-9-]*$`; quantity must be a positive safe integer written in base-10 digits; unitPriceCents must be a nonnegative safe integer written in base-10 digits. Reject non-string text with `TypeError` and any malformed row with `Error`. Reject a row or aggregate whose quantity or cents total exceeds `Number.MAX_SAFE_INTEGER` with `RangeError`. `parseOrders` returns a new array of `{ sku, quantity, unitPriceCents }` in input order, including repeated SKUs as distinct rows.

`buildReport` must call the parser and return `{ items, totalUnits, totalCents }`. `items` is a new array sorted lexicographically by SKU; each item is `{ sku, quantity, totalCents }` summing all rows with that SKU. `totalUnits` sums quantities across all rows and `totalCents` sums quantity times unitPriceCents. Empty input returns `{ items: [], totalUnits: 0, totalCents: 0 }`. Do not retain state across calls or modify input. Only edit the two listed source files.","deepseek-flash","aeb56401ca74e127821c4f9126dcb669"
"m01-report","full","3","139","3","4","true","null","stop","Repair the CSV order parser and report pipeline, keeping `parseOrders(text)` exported from `parser.mjs` and `buildReport(text)` exported from `report.mjs`.

Input is UTF-8 text with zero or more data rows and no header. Each nonblank row has exactly three comma-separated fields: `SKU,quantity,unitPriceCents`. Accept LF and CRLF line endings and ignore blank or whitespace-only rows. Trim whitespace around each field. SKU must match `^[A-Z][A-Z0-9-]*$`; quantity must be a positive safe integer written in base-10 digits; unitPriceCents must be a nonnegative safe integer written in base-10 digits. Reject non-string text with `TypeError` and any malformed row with `Error`. Reject a row or aggregate whose quantity or cents total exceeds `Number.MAX_SAFE_INTEGER` with `RangeError`. `parseOrders` returns a new array of `{ sku, quantity, unitPriceCents }` in input order, including repeated SKUs as distinct rows.

`buildReport` must call the parser and return `{ items, totalUnits, totalCents }`. `items` is a new array sorted lexicographically by SKU; each item is `{ sku, quantity, totalCents }` summing all rows with that SKU. `totalUnits` sums quantities across all rows and `totalCents` sums quantity times unitPriceCents. Empty input returns `{ items: [], totalUnits: 0, totalCents: 0 }`. Do not retain state across calls or modify input. Only edit the two listed source files.","deepseek-flash","aeb56401ca74e127821c4f9126dcb669"
"m02-options","optimizer","3","141","3","4","true","null","stop","Extend the formatting options across all three modules while preserving the existing exports `DEFAULT_OPTIONS`, `resolveOptions(overrides)`, and `formatValue(value, overrides)`.

Keep the existing behavior: by default `formatValue(12.345)` returns `""12.35""`, and `{ precision: 1, prefix: '~' }` returns `""~12.3""`. Add a `unitLabel` string option defaulting to the empty string. When nonempty, append one space and the label after the formatted number, so `formatValue(12.3, { unitLabel: 'kg' })` returns `""12.30 kg""`, and with prefix and precision it returns `""~12.3 kg""`. `DEFAULT_OPTIONS` must expose all three defaults `{ precision: 2, prefix: '', unitLabel: '' }` and must never be mutated. `resolveOptions()` and `resolveOptions(overrides)` must return a fresh object with defaults overridden by the supplied own fields. Reject a non-object, null, or array override with `TypeError`; `undefined` means no overrides. Reject unknown keys with `TypeError`. Precision must be an integer from 0 through 4 (`RangeError` otherwise); prefix and unitLabel must be strings (`TypeError` otherwise). `formatValue` accepts only finite numbers (`TypeError` otherwise), delegates option resolution to `resolveOptions`, and preserves the old call forms without requiring the new field. Calls and returned objects must not share mutable state.","deepseek-flash","aeb56401ca74e127821c4f9126dcb669"
"m02-options","full","3","142","3","4","true","null","stop","Extend the formatting options across all three modules while preserving the existing exports `DEFAULT_OPTIONS`, `resolveOptions(overrides)`, and `formatValue(value, overrides)`.

Keep the existing behavior: by default `formatValue(12.345)` returns `""12.35""`, and `{ precision: 1, prefix: '~' }` returns `""~12.3""`. Add a `unitLabel` string option defaulting to the empty string. When nonempty, append one space and the label after the formatted number, so `formatValue(12.3, { unitLabel: 'kg' })` returns `""12.30 kg""`, and with prefix and precision it returns `""~12.3 kg""`. `DEFAULT_OPTIONS` must expose `{ precision: 2, prefix: '', unitLabel: '' }` and must never be mutated. `resolveOptions()` and `resolveOptions(overrides)` must return a fresh object with defaults overridden by the supplied own fields. Reject a non-object, null, or array override with `TypeError`; `undefined` means no overrides. Reject unknown keys with `TypeError`. Precision must be an integer from 0 through 4 (`RangeError` otherwise); prefix and unitLabel must be strings (`TypeError` otherwise). `formatValue` accepts only finite numbers (`TypeError` otherwise), delegates option resolution to `resolveOptions`, and preserves the old call forms without requiring the new field. Calls and returned objects must not share mutable state.","deepseek-flash","aeb56401ca74e127821c4f9126dcb669"
